UNIQUE_ID	DATE	DISTRICT	VDC_MUN	WARD	SEX	AGE	ETHNICITY	EDUCATION_LEVEL	HIGHEST_EDUCATION	WALKING_DISTANCE	HOUSEHOLD_SIZE	OCCUPATION	INCOME_LEVEL	DAMAGE_CATEGORY	RECON_COMPLETED	RECON_MONTHS	GOVT_GRANT	AMOUNT_SPENT	HOME_SAFE	SATISFACTION_LEVEL	FREEDOM_CHOICE
15222	2018-12-07	Dhading	Sertung	2	Male	49	Tamang	Illiterate	Secondary	8	4	Agriculture	0-2.5K	3	100	3	300000	150000	1	5	5
25221	2018-12-07	Dhading	Sertung	1	Male	34	Tamang	Primary	Secondary	4	5	Business	2.5-10K	4	100	1	300000	370000	1	5	4
35225	2018-12-08	Dhading	Sertung	5	Male	30	Tamang	Secondary	Secondary	8	2	Agriculture	10-20K	3	100	1	300000	80000	1	3	3
45225	2018-12-08	Dhading	Sertung	5	Male	48	Tamang	Illiterate	Secondary	4	4	Agriculture	2.5-10K	3	100	3	200000	100000	0	1	1
55227	2018-12-08	Dhading	Sertung	7	Male	60	Tamang	Primary	University	4	2	Agriculture	10-20K	4	100	3	200000	200000	1	5	5
65227	2018-12-08	Dhading	Sertung	7	Male	25	Tamang	Secondary	University	6	3	Agriculture	60K-Above	3	100	NA	0	300000	0	2	5
95225	2018-12-09	Dhading	Sertung	5	Male	30	Tamang	Primary	Primary	6	2	Agriculture	10-20K	4	80	NA	300000	600000	1	10	10
105225	2018-12-09	Dhading	Sertung	5	Male	62	Tamang	Illiterate	Secondary	8	5	Labour	0-2.5K	3	60	NA	300000	380000	1	6	9
115227	2018-12-09	Dhading	Sertung	7	Male	60	Newar	Illiterate	Illiterate	8	2	Business	0-2.5K	4	40	NA	50000	50000	1	10	10
125224	2018-12-09	Dhading	Sertung	4	Male	21	Gurung-Magar	Secondary	Secondary	8	6	Agriculture	20-40K	4	80	NA	300000	300000	-1	7	6
155224	2018-12-09	Dhading	Sertung	4	Male	30	Dalit-Others	Secondary	Secondary	8	5	Business	10-20K	4	100	3	300000	300000	1	2	2
175226	2018-12-10	Dhading	Sertung	6	Female	28	Tamang	Illiterate	Secondary	8	2	Agriculture	2.5-10K	3	100	1	0	350000	0	3	2
185226	2018-12-10	Dhading	Sertung	6	Male	24	Tamang	Secondary	Illiterate	8	5	Agriculture	10-20K	3	100	3	0	150000	0	2	2
195228	2018-12-10	Dhading	Sertung	8	Male	38	Tamang	Illiterate	Illiterate	8	8	Agriculture	2.5-10K	4	100	4	200000	600000	1	5	5
205228	2018-12-10	Dhading	Sertung	8	Male	32	Tamang	Secondary	Secondary	8	6	Agriculture	20-40K	4	100	2	200000	500000	1	8	6
215228	2018-12-10	Dhading	Sertung	8	Male	32	Dalit-Others	Secondary	Secondary	8	5	Agriculture	20-40K	4	60	NA	200000	220000	-1	6	5
225223	2018-12-10	Dhading	Sertung	3	Male	70	Tamang	Illiterate	Secondary	4	7	Agriculture	2.5-10K	4	80	NA	200000	400000	1	5	5
235223	2018-12-10	Dhading	Sertung	3	Male	43	Tamang	Secondary	Secondary	5	9	Agriculture	10-20K	4	100	NA	300000	300000	1	10	9
245221	2018-12-11	Dhading	Sertung	1	Male	27	Dalit-Others	Primary	Secondary	6	4	Business	2.5-10K	4	20	NA	50000	125000	1	6	6
255221	2018-12-11	Dhading	Sertung	1	Male	50	Tamang	Illiterate	Secondary	4	12	Agriculture	2.5-10K	4	100	NA	300000	400000	1	5	5
265215	2018-12-13	Dhading	Gumdi	5	Male	25	Gurung-Magar	Secondary	Secondary	0	4	Agriculture	10-20K	4	20	NA	50000	60000	1	5	5
275215	2018-12-13	Dhading	Gumdi	5	Female	58	Gurung-Magar	Primary	Secondary	0	6	Agriculture	10-20K	4	80	NA	50000	280000	1	10	9
285214	2018-12-13	Dhading	Gumdi	4	Female	27	Gurung-Magar	Secondary	University	0	7	Agriculture	40-60K	4	100	3	300000	1200000	1	7	6
295215	2018-12-13	Dhading	Gumdi	5	Female	30	Gurung-Magar	Primary	Secondary	0.25	4	Agriculture	10-20K	4	20	NA	50000	40000	1	5	5
305213	2018-12-13	Dhading	Gumdi	3	Female	35	Bahun	Illiterate	Secondary	0.33	2	Agriculture	10-20K	4	80	NA	250000	450000	1	7	6
315213	2018-12-13	Dhading	Gumdi	3	Male	72	Bahun	Secondary	Secondary	0.25	16	Agriculture	2.5-10K	4	80	NA	200000	900000	1	7	7
325213	2018-12-13	Dhading	Gumdi	3	Male	57	Bahun	Secondary	Secondary	0.25	5	Agriculture	20-40K	4	60	NA	300000	800000	1	6	6
335213	2018-12-13	Dhading	Gumdi	3	Female	34	Gurung-Magar	Illiterate	Secondary	0	5	Business	20-40K	4	20	NA	200000	30000	-1	5	5
345211	2018-12-14	Dhading	Gumdi	1	Male	26	Tamang	Secondary	Secondary	0	4	Agriculture	2.5-10K	4	20	NA	50000	50000	1	5	5
355213	2018-12-14	Dhading	Gumdi	3	Female	33	Gurung-Magar	Illiterate	Secondary	0	5	Agriculture	2.5-10K	3	100	NA	200000	500000	1	5	5
365211	2018-12-14	Dhading	Gumdi	1	Male	45	Gurung-Magar	Primary	Secondary	0	4	Agriculture	10-20K	4	20	NA	50000	20000	1	6	6
375212	2018-12-14	Dhading	Gumdi	2	Male	52	Gurung-Magar	Secondary	Secondary	0	9	Agriculture	2.5-10K	4	20	NA	200000	800000	1	7	7
385211	2018-12-14	Dhading	Gumdi	1	Male	44	Gurung-Magar	Secondary	Secondary	0	5	Agriculture	10-20K	4	20	NA	150000	50000	-1	5	5
395211	2018-12-14	Dhading	Gumdi	1	Female	33	Tamang	Illiterate	Secondary	0	4	Agriculture	2.5-10K	4	100	1	50000	800000	1	5	5
405212	2018-12-14	Dhading	Gumdi	2	Female	40	Dalit-Others	Illiterate	Secondary	0	6	Labour	2.5-10K	4	100	3	150000	700000	1	5	5
415212	2018-12-14	Dhading	Gumdi	2	Male	40	Tamang	Secondary	Secondary	0	5	Agriculture	2.5-10K	4	20	NA	50000	70000	1	6	7
425216	2018-12-15	Dhading	Gumdi	6	Male	51	Gurung-Magar	Secondary	Secondary	0	4	Agriculture	10-20K	4	20	NA	200000	35000	1	3	8
435216	2018-12-15	Dhading	Gumdi	6	Male	55	Gurung-Magar	Secondary	University	0	6	Agriculture	10-20K	4	100	1	200000	400000	1	8	5
455216	2018-12-15	Dhading	Gumdi	6	Male	75	Dalit-Others	Illiterate	Secondary	0.25	7	Agriculture	2.5-10K	4	100	3	300000	1000000	1	6	4
465216	2018-12-15	Dhading	Gumdi	6	Male	21	Dalit-Others	Secondary	Secondary	0	3	Agriculture	10-20K	4	80	NA	200000	700000	1	9	8
475216	2018-12-15	Dhading	Gumdi	6	Female	35	Gurung-Magar	Illiterate	Secondary	0	4	Labour	10-20K	4	100	2	200000	600000	1	8	7
485216	2018-12-15	Dhading	Gumdi	6	Male	72	Gurung-Magar	Primary	Secondary	0	15	Agriculture	10-20K	4	100	19	200000	700000	1	6	5
495216	2018-12-15	Dhading	Gumdi	6	Male	54	Gurung-Magar	Primary	Secondary	0	7	Agriculture	20-40K	4	100	2	300000	1200000	1	8	4
505218	2018-12-16	Dhading	Gumdi	8	Male	51	Gurung-Magar	Secondary	University	0	5	Agriculture	20-40K	4	80	NA	200000	800000	1	6	6
515218	2018-12-16	Dhading	Gumdi	8	Female	37	Gurung-Magar	Secondary	Secondary	0.25	3	Labour	0-2.5K	4	100	4	200000	550000	1	7	6
525217	2018-12-16	Dhading	Gumdi	7	Male	60	Bahun	Secondary	Secondary	0	6	Agriculture	60K-Above	4	100	3	50000	1000000	-1	6	5
535217	2018-12-16	Dhading	Gumdi	7	Female	40	Bahun	Primary	Secondary	0.25	7	Agriculture	20-40K	4	100	3	200000	700000	1	5	3
545217	2018-12-16	Dhading	Gumdi	7	Male	37	Bahun	Secondary	Secondary	0	5	Agriculture	20-40K	4	80	NA	200000	150000	1	8	7
555217	2018-12-16	Dhading	Gumdi	7	Male	54	Bahun	Secondary	Secondary	0.33	2	Agriculture	2.5-10K	4	80	NA	200000	150000	1	7	5
565217	2018-12-16	Dhading	Gumdi	7	Male	65	Gurung-Magar	Illiterate	Secondary	0.5	6	Agriculture	2.5-10K	4	60	NA	200000	250000	1	6	3
575218	2018-12-16	Dhading	Gumdi	8	Male	64	Gurung-Magar	Primary	Secondary	0	5	Agriculture	2.5-10K	4	40	NA	200000	200000	1	7	5
585218	2018-12-16	Dhading	Gumdi	8	Male	40	Chhetri	Secondary	Secondary	0	4	Agriculture	20-40K	4	100	3	300000	700000	1	8	6
595219	2018-12-17	Dhading	Gumdi	9	Male	26	Chhetri	Secondary	Secondary	0	5	Labour	2.5-10K	4	100	4	300000	400000	1	9	8
605219	2018-12-17	Dhading	Gumdi	9	Male	69	Chhetri	Secondary	University	0	7	Agriculture	60K-Above	4	80	NA	200000	300000	1	6	7
615219	2018-12-17	Dhading	Gumdi	9	Male	71	Chhetri	Illiterate	Secondary	0	5	Agriculture	10-20K	4	100	30	200000	700000	1	6	6
625219	2018-12-17	Dhading	Gumdi	9	Female	45	Chhetri	Primary	Secondary	0	10	Agriculture	10-20K	4	80	NA	300000	300000	1	8	6
635219	2018-12-17	Dhading	Gumdi	9	Male	50	Chhetri	Secondary	Secondary	0	5	Business	2.5-10K	4	80	NA	200000	400000	1	5	4
14222	2018-12-07	Dhading	Sertung	2	Male	24	Tamang	Secondary	Secondary	8	4	Labour	10-20K	4	80	NA	0	350000	0	7	6
24222	2018-12-07	Dhading	Sertung	2	Female	39	Tamang	Primary	Secondary	4	4	Agriculture	2.5-10K	4	100	1	0	600000	1	5	5
44225	2018-12-08	Dhading	Sertung	5	Male	48	Tamang	Illiterate	Secondary	8	4	Agriculture	2.5-10K	3	100	1	0	55000	1	1	10
54227	2018-12-08	Dhading	Sertung	7	Male	20	Tamang	Secondary	University	3	4	Labour	10-20K	4	100	4	50000	100000	0	5	6
64225	2018-12-09	Dhading	Sertung	5	Male	20	Tamang	Secondary	University	8	6	Agriculture	2.5-10K	3	80	NA	0	150000	0	1	1
74225	2018-12-09	Dhading	Sertung	5	Male	60	Tamang	Illiterate	Secondary	4	2	Agriculture	2.5-10K	3	100	1	0	200000	-1	3	1
84225	2018-12-09	Dhading	Sertung	5	Male	26	Tamang	Secondary	Secondary	6	2	Labour	10-20K	3	100	6	200000	350000	1	4	1
94227	2018-12-09	Dhading	Sertung	7	Male	27	Tamang	Primary	Primary	8	7	Agriculture	10-20K	4	80	NA	300000	800000	1	5	10
104224	2018-12-09	Dhading	Sertung	4	Male	48	Gurung-Magar	Primary	University	6	5	Agriculture	2.5-10K	4	100	1	300000	450000	1	8	8
114224	2018-12-09	Dhading	Sertung	4	Male	60	Gurung-Magar	Illiterate	Secondary	8	6	Agriculture	2.5-10K	3	100	2	200000	400000	-1	5	5
124224	2018-12-09	Dhading	Sertung	4	Male	67	Gurung-Magar	Illiterate	Secondary	6	2	Agriculture	10-20K	4	100	1	200000	300000	1	1	1
134226	2018-12-10	Dhading	Sertung	6	Female	28	Tamang	Illiterate	Secondary	8	6	Agriculture	2.5-10K	4	40	NA	200000	250000	-1	5	5
144226	2018-12-10	Dhading	Sertung	6	Male	30	Tamang	Primary	Primary	5	4	Labour	10-20K	4	80	NA	200000	450000	1	7	8
154226	2018-12-10	Dhading	Sertung	6	Male	29	Tamang	Primary	Primary	7	6	Labour	20-40K	4	80	NA	200000	360000	1	10	9
164228	2018-12-10	Dhading	Sertung	8	Male	23	Tamang	Secondary	Secondary	8	9	Agriculture	2.5-10K	4	100	4	200000	350000	1	8	5
174228	2018-12-10	Dhading	Sertung	8	Male	52	Tamang	Primary	Secondary	8	4	Agriculture	2.5-10K	4	40	NA	200000	300000	1	4	3
184228	2018-12-10	Dhading	Sertung	8	Female	24	Tamang	Secondary	Secondary	8	6	Labour	2.5-10K	4	100	1	200000	400000	1	5	10
194223	2018-12-10	Dhading	Sertung	3	Male	36	Tamang	Illiterate	Secondary	8	6	Labour	10-20K	4	100	6	300000	600000	1	10	10
204223	2018-12-10	Dhading	Sertung	3	Male	50	Tamang	Primary	Secondary	5	15	Agriculture	10-20K	4	20	NA	50000	90000	1	10	10
214221	2018-12-11	Dhading	Sertung	1	Male	45	Tamang	Primary	Secondary	5	4	Labour	10-20K	4	100	1	300000	400000	1	5	5
224221	2018-12-11	Dhading	Sertung	1	Male	24	Tamang	University	University	4	7	Agriculture	20-40K	4	100	1	50000	350000	0	8	2
234214	2018-12-13	Dhading	Gumdi	4	Male	71	Gurung-Magar	Primary	Secondary	0	2	Agriculture	10-20K	4	100	4	200000	1400000	1	5	5
244214	2018-12-13	Dhading	Gumdi	4	Female	31	Gurung-Magar	Secondary	Secondary	0	1	Agriculture	2.5-10K	4	20	NA	200000	650000	1	10	7
254215	2018-12-13	Dhading	Gumdi	5	Male	65	Gurung-Magar	Secondary	University	0	5	Agriculture	40-60K	4	100	2	200000	850000	1	8	8
264216	2018-12-13	Dhading	Gumdi	6	Male	40	Gurung-Magar	Secondary	Secondary	0	3	Agriculture	0-2.5K	4	100	1	200000	150000	1	5	5
274213	2018-12-13	Dhading	Gumdi	3	Male	53	Gurung-Magar	Secondary	Secondary	0	5	Agriculture	2.5-10K	4	100	1	50000	365000	1	7	5
284213	2018-12-13	Dhading	Gumdi	3	Male	33	Bahun	Secondary	Secondary	0.25	4	Agriculture	0-2.5K	4	80	NA	300000	800000	1	8	8
294213	2018-12-13	Dhading	Gumdi	3	Male	68	Bahun	Primary	University	0.33	7	Agriculture	2.5-10K	4	100	2	200000	1000000	1	7	9
304213	2018-12-13	Dhading	Gumdi	3	Male	45	Bahun	Illiterate	Secondary	0.33	5	Agriculture	2.5-10K	4	100	17	300000	800000	1	7	7
314211	2018-12-14	Dhading	Gumdi	1	Male	56	Tamang	Illiterate	Secondary	0	4	Agriculture	2.5-10K	3	40	NA	50000	500000	1	7	5
324211	2018-12-14	Dhading	Gumdi	1	Male	75	Gurung-Magar	Illiterate	Secondary	0.25	8	Agriculture	0-2.5K	4	100	1	200000	800000	1	6	7
334211	2018-12-14	Dhading	Gumdi	1	Male	29	Tamang	Illiterate	Illiterate	0	3	Labour	10-20K	4	80	NA	200000	700000	1	5	5
344211	2018-12-14	Dhading	Gumdi	1	Male	67	Gurung-Magar	Illiterate	Secondary	0.25	3	Agriculture	2.5-10K	4	80	NA	50000	550000	1	5	5
354211	2018-12-14	Dhading	Gumdi	1	Male	54	Gurung-Magar	Illiterate	Secondary	0	2	Agriculture	0-2.5K	3	40	NA	50000	350000	1	10	2
364212	2018-12-14	Dhading	Gumdi	2	Male	55	Tamang	Primary	Primary	0	8	Agriculture	10-20K	4	100	19	200000	350000	1	2	3
374212	2018-12-14	Dhading	Gumdi	2	Female	40	Dalit-Others	Illiterate	Illiterate	0	3	Agriculture	10-20K	4	100	11	200000	700000	1	5	5
384212	2018-12-14	Dhading	Gumdi	2	Male	72	Tamang	Illiterate	Secondary	0	4	Agriculture	2.5-10K	4	40	NA	200000	200000	1	8	9
394212	2018-12-14	Dhading	Gumdi	2	Male	43	Gurung-Magar	Secondary	Secondary	0	10	Agriculture	10-20K	4	100	3	200000	1400000	1	8	10
404216	2018-12-15	Dhading	Gumdi	6	Male	47	Gurung-Magar	Illiterate	Secondary	0	3	Agriculture	10-20K	4	100	1	200000	750000	1	10	5
414216	2018-12-15	Dhading	Gumdi	6	Male	40	Gurung-Magar	Secondary	Secondary	0	5	Agriculture	20-40K	4	100	1	200000	600000	1	10	10
424216	2018-12-15	Dhading	Gumdi	6	Male	62	Bahun	Secondary	University	0	5	Agriculture	10-20K	4	100	8	200000	703000	0	8	5
434216	2018-12-15	Dhading	Gumdi	6	Male	58	Gurung-Magar	Secondary	Secondary	0	6	Agriculture	10-20K	4	80	NA	200000	700000	1	9	10
444216	2018-12-15	Dhading	Gumdi	6	Female	24	Gurung-Magar	Secondary	Secondary	0	7	Agriculture	2.5-10K	4	100	2	200000	1000000	1	4	5
454216	2018-12-15	Dhading	Gumdi	6	Male	50	Gurung-Magar	Secondary	Secondary	0	2	Business	2.5-10K	4	100	9	200000	600000	1	9	10
464216	2018-12-15	Dhading	Gumdi	6	Male	62	Gurung-Magar	Primary	University	0.33	3	Labour	10-20K	4	40	NA	200000	250000	1	3	1
474216	2018-12-15	Dhading	Gumdi	6	Male	79	Gurung-Magar	Illiterate	University	0.25	6	Agriculture	20-40K	4	100	1	0	1700000	1	7	9
484216	2018-12-15	Dhading	Gumdi	6	Male	57	Gurung-Magar	Primary	Primary	0.33	2	Agriculture	0-2.5K	4	100	2	200000	600000	1	10	10
494216	2018-12-15	Dhading	Gumdi	6	Male	33	Gurung-Magar	Secondary	Secondary	0	5	Agriculture	0-2.5K	4	80	NA	200000	300000	1	8	10
504218	2018-12-16	Dhading	Gumdi	8	Female	32	Gurung-Magar	Secondary	Secondary	0	4	Agriculture	10-20K	4	100	1	200000	600000	1	10	1
514218	2018-12-16	Dhading	Gumdi	8	Female	40	Gurung-Magar	Illiterate	Secondary	0	8	Agriculture	2.5-10K	4	100	2	50000	950000	1	10	8
524218	2018-12-16	Dhading	Gumdi	8	Male	42	Gurung-Magar	Secondary	Secondary	0	6	Agriculture	20-40K	4	100	3	200000	950000	1	8	5
534217	2018-12-16	Dhading	Gumdi	7	Male	56	Bahun	Primary	Secondary	0.5	3	Agriculture	2.5-10K	4	20	NA	50000	50000	1	10	7
544217	2018-12-16	Dhading	Gumdi	7	Male	60	Bahun	Secondary	University	1	2	Agriculture	10-20K	4	100	2	50000	900000	1	10	10
554217	2018-12-16	Dhading	Gumdi	7	Male	70	Bahun	Primary	Secondary	1	2	Agriculture	2.5-10K	4	100	1	50000	700000	1	9	8
564217	2018-12-16	Dhading	Gumdi	7	Male	45	Bahun	Secondary	University	1	5	Agriculture	10-20K	4	20	NA	50000	200000	1	10	9
574217	2018-12-16	Dhading	Gumdi	7	Male	51	Chhetri	Primary	Secondary	1	5	Agriculture	10-20K	4	100	4	300000	600000	1	10	9
584217	2018-12-16	Dhading	Gumdi	7	Male	67	Chhetri	Secondary	University	0.5	4	Agriculture	10-20K	4	100	1	50000	375000	1	10	10
594217	2018-12-16	Dhading	Gumdi	7	Female	45	Gurung-Magar	Illiterate	Secondary	1	2	Labour	2.5-10K	4	20	NA	200000	150000	1	5	5
604218	2018-12-16	Dhading	Gumdi	8	Female	40	Bahun	Illiterate	Secondary	0	3	Agriculture	2.5-10K	4	100	2	200000	700000	1	10	7
614218	2018-12-16	Dhading	Gumdi	8	Female	37	Gurung-Magar	Illiterate	Secondary	0	4	Agriculture	2.5-10K	4	20	NA	50000	50000	1	10	5
624219	2018-12-17	Dhading	Gumdi	9	Female	65	Chhetri	Illiterate	University	0	5	Agriculture	10-20K	4	80	NA	200000	300000	1	10	2
634219	2018-12-17	Dhading	Gumdi	9	Female	45	Chhetri	Illiterate	Secondary	0	9	Agriculture	2.5-10K	4	100	3	200000	400000	1	10	10
644219	2018-12-17	Dhading	Gumdi	9	Male	60	Chhetri	Illiterate	Secondary	0	3	Agriculture	20-40K	4	100	15	50000	400000	1	7	10
654219	2018-12-17	Dhading	Gumdi	9	Female	41	Chhetri	Illiterate	Secondary	0	4	Agriculture	2.5-10K	4	100	15	200000	200000	1	5	5
664219	2018-12-17	Dhading	Gumdi	9	Male	64	Chhetri	Illiterate	Secondary	0	2	Agriculture	10-20K	4	100	2	200000	300000	1	10	10
13222	2018-12-07	Dhading	Sertung	2	Male	38	Tamang	Primary	Secondary	3	7	Labour	10-20K	4	100	3	300000	500000	1	5	5
23222	2018-12-07	Dhading	Sertung	2	Male	33	Tamang	Primary	Secondary	4	9	Labour	20-40K	4	100	5	300000	350000	1	6	3
33222	2018-12-07	Dhading	Sertung	2	Female	25	Tamang	Illiterate	Primary	5	10	Agriculture	20-40K	4	40	NA	50000	100000	1	6	4
43222	2018-12-07	Dhading	Sertung	2	Male	40	Tamang	Illiterate	Primary	3	3	Labour	20-40K	4	100	4	300000	500000	1	7	4
53225	2018-12-09	Dhading	Sertung	5	Female	48	Gurung-Magar	Illiterate	Secondary	6	6	Business	10-20K	4	100	2	300000	600000	1	5	6
63227	2018-12-08	Dhading	Sertung	7	Female	28	Tamang	Secondary	Secondary	8	7	Agriculture	10-20K	4	100	2	0	250000	-1	4	5
73227	2018-12-08	Dhading	Sertung	7	Female	48	Tamang	Illiterate	Secondary	8	7	Agriculture	10-20K	4	100	12	300000	400000	-1	7	4
83227	2018-12-08	Dhading	Sertung	7	Male	62	Tamang	Illiterate	Secondary	8	7	Labour	10-20K	4	80	NA	0	600000	1	5	9
93227	2018-12-08	Dhading	Sertung	7	Male	22	Tamang	Secondary	Secondary	6	5	Labour	20-40K	4	20	NA	50000	60000	-1	5	4
133224	2018-12-09	Dhading	Sertung	4	Female	41	Dalit-Others	Illiterate	Secondary	7	6	Labour	10-20K	4	100	1	300000	600000	-1	6	5
143224	2018-12-09	Dhading	Sertung	4	Female	60	Gurung-Magar	Illiterate	University	8	9	Labour	40-60K	4	100	2	300000	NA	1	7	6
153224	2018-12-09	Dhading	Sertung	4	Male	48	Dalit-Others	Primary	University	8	10	Labour	10-20K	4	100	5	200000	500000	1	7	4
163224	2018-12-09	Dhading	Sertung	4	Male	36	Dalit-Others	Secondary	Secondary	6	5	Labour	10-20K	4	100	3	300000	800000	1	5	3
173227	2018-12-09	Dhading	Sertung	7	Male	30	Tamang	Secondary	Secondary	6	4	Business	10-20K	3	100	1	0	50000	1	5	5
193226	2018-12-10	Dhading	Sertung	6	Female	85	Tamang	Illiterate	Illiterate	8	5	Agriculture	10-20K	4	80	NA	50000	320000	1	8	3
203226	2018-12-10	Dhading	Sertung	6	Male	26	Tamang	Secondary	Secondary	6	3	Goverment Employee	10-20K	4	60	NA	200000	250000	1	8	7
213228	2018-12-10	Dhading	Sertung	8	Male	62	Tamang	Illiterate	Secondary	6	3	Labour	2.5-10K	4	100	6	200000	450000	1	7	7
233228	2018-12-10	Dhading	Sertung	8	Female	58	Tamang	Illiterate	Secondary	8	8	Agriculture	2.5-10K	4	100	4	300000	400000	1	5	4
243223	2018-12-10	Dhading	Sertung	3	Male	52	Tamang	Primary	Secondary	5	5	Labour	10-20K	4	100	3	300000	450000	1	8	6
253223	2018-12-10	Dhading	Sertung	3	Male	47	Tamang	Illiterate	Secondary	6	7	Agriculture	2.5-10K	4	100	3	300000	330000	1	6	6
263221	2018-12-11	Dhading	Sertung	1	Female	18	Tamang	Secondary	Secondary	5	6	Agriculture	20-40K	4	100	4	300000	450000	1	8	6
273221	2018-12-11	Dhading	Sertung	1	Female	23	Tamang	Illiterate	Secondary	5	3	Agriculture	20-40K	4	40	NA	50000	160000	1	5	5
283215	2018-12-13	Dhading	Gumdi	5	Female	45	Gurung-Magar	Secondary	Secondary	0	4	Agriculture	2.5-10K	4	100	3	200000	700000	1	8	6
293215	2018-12-13	Dhading	Gumdi	5	Female	40	Gurung-Magar	Primary	Secondary	0	7	Agriculture	10-20K	4	100	8	200000	875000	1	8	8
303215	2018-12-13	Dhading	Gumdi	5	Male	69	Gurung-Magar	Primary	Secondary	0	6	Agriculture	20-40K	4	20	NA	50000	60000	1	5	4
313215	2018-12-13	Dhading	Gumdi	5	Male	76	Gurung-Magar	Illiterate	Secondary	0	6	Agriculture	20-40K	4	100	2	200000	700000	1	6	3
323213	2018-12-13	Dhading	Gumdi	3	Male	63	Gurung-Magar	Primary	Secondary	0	4	Agriculture	20-40K	4	100	1	300000	500000	1	8	6
333213	2018-12-13	Dhading	Gumdi	3	Male	58	Bahun	Secondary	University	0	7	Agriculture	60K-Above	4	100	2	200000	700000	1	10	8
343213	2018-12-13	Dhading	Gumdi	3	Female	39	Bahun	Primary	Secondary	0	5	Agriculture	2.5-10K	4	100	3	200000	500000	1	9	7
352135	2018-12-13	Dhading	Gumdi	3	Male	56	Bahun	Secondary	University	0.25	6	Labour	2.5-10K	4	80	NA	300000	400000	1	7	3
363211	2018-12-14	Dhading	Gumdi	1	Female	65	Gurung-Magar	Illiterate	Illiterate	0	2	Agriculture	20-40K	4	100	1	300000	450000	1	6	7
373211	2018-12-14	Dhading	Gumdi	1	Female	32	Gurung-Magar	Primary	Secondary	0	4	Agriculture	2.5-10K	4	80	NA	50000	300000	1	5	4
383211	2018-12-14	Dhading	Gumdi	1	Female	32	Tamang	Primary	Secondary	0	4	Agriculture	10-20K	4	40	NA	50000	110000	1	7	4
393211	2018-12-14	Dhading	Gumdi	1	Female	36	Tamang	Illiterate	Secondary	0	5	Agriculture	2.5-10K	4	20	NA	200000	200000	1	4	4
403211	2018-12-14	Dhading	Gumdi	1	Male	68	Gurung-Magar	Illiterate	Secondary	0	6	Agriculture	10-20K	4	100	2	200000	600000	1	8	7
413211	2018-12-14	Dhading	Gumdi	1	Female	35	Gurung-Magar	Illiterate	Secondary	0	6	Agriculture	20-40K	4	100	2	200000	NA	-1	4	4
423212	2018-12-14	Dhading	Gumdi	2	Male	42	Gurung-Magar	Secondary	Secondary	0	8	Agriculture	20-40K	4	80	NA	50000	800000	1	7	3
433212	2018-12-14	Dhading	Gumdi	2	Female	53	Gurung-Magar	Illiterate	Secondary	0	5	Agriculture	10-20K	4	100	2	200000	1000000	1	8	7
443212	2018-12-14	Dhading	Gumdi	2	Female	66	Gurung-Magar	Illiterate	Illiterate	0	5	Agriculture	2.5-10K	4	20	NA	50000	40000	1	4	6
453212	2018-12-14	Dhading	Gumdi	2	Male	39	Gurung-Magar	Secondary	Secondary	0	7	Agriculture	40-60K	4	100	15	200000	1050000	1	8	6
463212	2018-12-14	Dhading	Gumdi	2	Female	38	Tamang	Illiterate	Secondary	0	5	Agriculture	20-40K	4	100	2	200000	1000000	1	5	6
473216	2018-12-15	Dhading	Gumdi	6	Female	40	Newar	Illiterate	University	0	5	Agriculture	20-40K	4	100	1	200000	NA	1	7	7
483216	2018-12-15	Dhading	Gumdi	6	Female	28	Newar	Primary	Secondary	0	6	Agriculture	20-40K	4	100	3	200000	600000	1	7	8
493216	2018-12-15	Dhading	Gumdi	6	Female	65	Newar	Illiterate	Secondary	0	6	Agriculture	2.5-10K	4	20	NA	50000	50000	1	6	3
503216	2018-12-15	Dhading	Gumdi	6	Male	39	Newar	Secondary	Secondary	0	5	Labour	10-20K	4	80	NA	200000	500000	1	7	3
523216	2018-12-15	Dhading	Gumdi	6	Female	53	Gurung-Magar	Illiterate	Secondary	0	5	Agriculture	20-40K	4	100	1	200000	600000	1	5	4
533216	2018-12-15	Dhading	Gumdi	6	Female	70	Gurung-Magar	Illiterate	Secondary	0	3	Agriculture	20-40K	4	100	2	200000	650000	1	5	3
543216	2018-12-15	Dhading	Gumdi	6	Female	55	Gurung-Magar	Illiterate	Secondary	0	7	Agriculture	20-40K	4	100	1	200000	800000	1	5	7
553216	2018-12-15	Dhading	Gumdi	6	Male	42	Gurung-Magar	Secondary	Secondary	0.25	4	Labour	20-40K	4	100	2	200000	800000	1	5	7
563218	2018-12-16	Dhading	Gumdi	8	Female	40	Gurung-Magar	Primary	Secondary	0.33	4	Agriculture	20-40K	4	100	1	200000	600000	1	7	7
573218	2018-12-16	Dhading	Gumdi	8	Female	36	Gurung-Magar	Illiterate	Secondary	0.25	6	Agriculture	10-20K	4	20	NA	200000	60000	1	6	5
583217	2018-12-16	Dhading	Gumdi	7	Female	40	Gurung-Magar	Secondary	Secondary	1	5	Agriculture	10-20K	4	100	2	300000	500000	1	5	5
593217	2018-12-16	Dhading	Gumdi	7	Male	56	Bahun	University	University	1	7	Agriculture	20-40K	4	80	NA	200000	850000	1	8	7
603217	2018-12-16	Dhading	Gumdi	7	Male	81	Bahun	Primary	University	1	5	Agriculture	40-60K	4	80	NA	200000	550000	1	7	7
613217	2018-12-16	Dhading	Gumdi	7	Female	50	Chhetri	Illiterate	Secondary	0.5	6	Agriculture	20-40K	4	80	NA	200000	400000	1	6	7
623217	2018-12-16	Dhading	Gumdi	7	Female	48	Gurung-Magar	Illiterate	Secondary	0	7	Labour	10-20K	4	80	NA	200000	250000	1	6	7
633217	2018-12-16	Dhading	Gumdi	7	Female	40	Gurung-Magar	Primary	Secondary	1	4	Agriculture	10-20K	4	100	5	300000	700000	1	7	7
643218	2018-12-16	Dhading	Gumdi	8	Female	31	Dalit-Others	Illiterate	Illiterate	0	3	Agriculture	10-20K	4	100	14	200000	550000	1	6	7
653218	2018-12-16	Dhading	Gumdi	8	Female	38	Bahun	Secondary	Secondary	0	6	Agriculture	20-40K	4	80	NA	200000	450000	1	10	4
663219	2018-12-17	Dhading	Gumdi	9	Female	55	Chhetri	Illiterate	Secondary	0	6	Business	20-40K	4	100	1	200000	500000	1	7	6
683219	2018-12-17	Dhading	Gumdi	9	Female	26	Gurung-Magar	Secondary	Secondary	0.33	5	Agriculture	10-20K	4	100	2	200000	300000	1	9	6
693219	2018-12-17	Dhading	Gumdi	9	Female	28	Gurung-Magar	Secondary	Primary	0	5	Agriculture	2.5-10K	4	100	2	200000	300000	1	9	8
703219	2018-12-17	Dhading	Gumdi	9	Female	50	Gurung-Magar	Illiterate	Secondary	0.4	5	Agriculture	2.5-10K	4	100	1	200000	400000	1	7	7
12222	2018-12-07	Dhading	Sertung	2	Male	42	Tamang	Primary	Secondary	4	4	Labour	10-20K	4	100	1	300000	200000	1	6	5
32221	2018-12-07	Dhading	Sertung	1	Male	34	Tamang	Primary	Secondary	6	8	Business	10-20K	4	100	1	300000	300000	1	6	6
42221	2018-12-07	Dhading	Sertung	1	Male	22	Dalit-Others	Secondary	Secondary	4	9	Business	10-20K	3	100	1	300000	250000	1	10	6
62227	2018-12-08	Dhading	Sertung	7	Male	27	Tamang	Secondary	University	8	8	Agriculture	2.5-10K	3	40	NA	70000	120000	1	8	5
72225	2018-12-08	Dhading	Sertung	5	Male	62	Newar	Illiterate	University	8	2	Business	2.5-10K	4	100	NA	50000	250000	1	8	10
11222	2018-12-07	Dhading	Sertung	2	Female	36	Tamang	Secondary	Secondary	5	3	Agriculture	0-2.5K	2	100	1	300000	400000	1	9	9
21221	2018-12-07	Dhading	Sertung	1	Female	28	Tamang	Secondary	Secondary	3	8	Business	20-40K	4	100	2	300000	250000	1	5	6
31222	2018-12-07	Dhading	Sertung	2	Male	35	Tamang	Secondary	Secondary	3	6	NA	10-20K	4	100	1	300000	1100000	0	5	1
41227	2018-12-08	Dhading	Sertung	7	Male	57	Tamang	Illiterate	University	9	8	Agriculture	2.5-10K	4	100	1	200000	700000	-1	6	6
51221	2018-12-07	Dhading	Sertung	1	Male	38	Tamang	Primary	Secondary	3	4	Business	10-20K	4	100	1	300000	340000	0	6	7
61227	2018-12-08	Dhading	Sertung	7	Female	45	Tamang	Illiterate	Secondary	12	7	Agriculture	2.5-10K	4	100	1	300000	700000	-1	5	4
71225	2018-12-08	Dhading	Sertung	5	Female	30	Tamang	Secondary	Secondary	6	4	Agriculture	2.5-10K	3	40	NA	200000	40000	1	5	5
11141	2019-01-05	Sindhupalchowk	Pangtang	1	Male	75	Chhetri	Illiterate	Secondary	0	8	Agriculture	10-20K	4	100	1	300000	700000	1	10	10
21141	2019-01-05	Sindhupalchowk	Pangtang	1	Male	45	Chhetri	Primary	Secondary	0	8	NA	10-20K	4	100	1	300000	900000	1	9	9
31141	2019-01-05	Sindhupalchowk	Pangtang	1	Female	28	Newar	Primary	Secondary	0	8	Business	10-20K	3	100	2	200000	NA	1	8	5
41147	2019-01-06	Sindhupalchowk	Pangtang	7	Female	50	Dalit-Others	Illiterate	Primary	0	8	Labour	0-2.5K	4	100	1	300000	327300	1	10	8
51147	2019-01-06	Sindhupalchowk	Pangtang	7	Female	23	Dalit-Others	Primary	Primary	0.5	4	Labour	2.5-10K	4	100	1	300000	600000	0	5	2
61148	2019-01-06	Sindhupalchowk	Pangtang	8	Female	30	Gurung-Magar	Primary	Secondary	0	4	Agriculture	0-2.5K	4	100	12	300000	250000	-1	5	5
71148	2019-01-06	Sindhupalchowk	Pangtang	8	Male	81	Gurung-Magar	Illiterate	Secondary	0	3	Agriculture	2.5-10K	4	100	1	300000	700000	-1	5	5
81148	2019-01-06	Sindhupalchowk	Pangtang	8	Female	18	Dalit-Others	Secondary	University	0	5	Agriculture	0-2.5K	4	100	2	300000	400000	1	5	3
91141	2019-01-06	Sindhupalchowk	Pangtang	1	Female	43	Tamang	Illiterate	Secondary	0	4	Labour	2.5-10K	4	100	16	300000	1900000	-1	10	7
12141	2019-01-05	Sindhupalchowk	Pangtang	1	Male	46	Chhetri	Primary	Secondary	0	6	Business	0-2.5K	4	100	1	300000	380000	1	5	5
22141	2019-01-05	Sindhupalchowk	Pangtang	1	Male	25	Chhetri	Secondary	University	0	3	Agriculture	40-60K	4	100	NA	300000	900000	1	8	7
32141	2019-01-05	Sindhupalchowk	Pangtang	1	Male	30	Chhetri	Secondary	Secondary	0	2	NA	10-20K	4	100	2	300000	550000	1	6	7
42147	2019-01-06	Sindhupalchowk	Pangtang	7	Female	28	Dalit-Others	Primary	Secondary	0	3	Goverment Employee	2.5-10K	4	100	1	300000	500000	0	5	4
52147	2019-01-06	Sindhupalchowk	Pangtang	7	Male	30	Dalit-Others	Secondary	Secondary	0	3	Labour	10-20K	4	100	1	300000	500000	1	10	10
62147	2019-01-06	Sindhupalchowk	Pangtang	7	Female	30	Dalit-Others	Primary	Primary	0	3	Labour	10-20K	4	100	1	300000	500000	1	10	9
72147	2019-01-06	Sindhupalchowk	Pangtang	7	Female	40	Dalit-Others	Illiterate	Primary	0	6	Agriculture	2.5-10K	4	100	1	300000	450000	1	5	5
82148	2019-01-06	Sindhupalchowk	Pangtang	8	Male	53	Tamang	Illiterate	Secondary	0	4	Agriculture	2.5-10K	4	100	1	300000	400000	0	5	5
92148	2019-01-06	Sindhupalchowk	Pangtang	8	Female	45	Gurung-Magar	Illiterate	Secondary	0	5	Agriculture	2.5-10K	4	100	1	300000	NA	0	5	3
13145	2019-01-05	Sindhupalchowk	Pangtang	5	Female	45	Dalit-Others	Illiterate	Secondary	0	7	Business	2.5-10K	4	100	4	300000	500000	1	4	4
23145	2019-01-05	Sindhupalchowk	Pangtang	5	Female	30	Newar	Secondary	Secondary	0	6	Agriculture	10-20K	4	100	3	300000	1000000	1	7	7
33146	2019-01-05	Sindhupalchowk	Pangtang	6	Female	62	Chhetri	Illiterate	University	0.75	9	Agriculture	20-40K	4	100	3	200000	350000	1	6	4
43146	2019-01-05	Sindhupalchowk	Pangtang	6	Female	65	Chhetri	Illiterate	Secondary	0.75	6	Goverment Employee	20-40K	4	100	3	200000	NA	1	5	4
53142	2019-01-05	Sindhupalchowk	Pangtang	2	Male	39	Newar	University	University	0	9	Goverment Employee	20-40K	4	100	1	300000	250000	1	6	7
63142	2019-01-05	Sindhupalchowk	Pangtang	2	Male	77	Newar	Illiterate	Secondary	0	12	Agriculture	2.5-10K	4	100	1	300000	200000	1	7	8
73142	2019-01-05	Sindhupalchowk	Pangtang	2	Female	22	Newar	University	University	0	5	Agriculture	20-40K	4	100	3	300000	300000	1	8	6
83144	2019-01-06	Sindhupalchowk	Pangtang	4	Female	50	Newar	Illiterate	Secondary	0	8	Agriculture	20-40K	4	100	3	300000	450000	-1	4	4
93144	2019-01-06	Sindhupalchowk	Pangtang	4	Male	65	Newar	Illiterate	University	0	6	Labour	20-40K	4	100	1	300000	700000	1	8	4
103143	2019-01-06	Sindhupalchowk	Pangtang	3	Male	66	Newar	Illiterate	Secondary	0.33	9	Agriculture	20-40K	4	80	NA	200000	400000	1	7	6
113143	2019-01-06	Sindhupalchowk	Pangtang	3	Female	70	Newar	Illiterate	Secondary	1	8	Agriculture	10-20K	4	100	2	300000	500000	-1	4	4
123143	2019-01-06	Sindhupalchowk	Pangtang	3	Male	73	Newar	Illiterate	Secondary	1	3	Agriculture	2.5-10K	4	100	3	300000	550000	1	6	6
133131	2019-01-08	Sindhupalchowk	Batase	1	Male	24	Tamang	Secondary	Secondary	0	8	Agriculture	20-40K	4	100	3	200000	900000	-1	5	7
143131	2019-01-08	Sindhupalchowk	Batase	1	Male	24	Tamang	Secondary	Secondary	0	16	Agriculture	20-40K	4	20	NA	200000	35000	1	5	4
153131	2019-01-08	Sindhupalchowk	Batase	1	Female	57	Tamang	Illiterate	Secondary	0	8	Agriculture	2.5-10K	4	100	2	300000	700000	1	5	5
163131	2019-01-08	Sindhupalchowk	Batase	1	Female	40	Tamang	Illiterate	Secondary	0	5	Agriculture	10-20K	4	60	NA	300000	300000	1	5	5
173133	2019-01-08	Sindhupalchowk	Batase	3	Male	25	Tamang	Secondary	Secondary	0	6	Agriculture	20-40K	4	100	6	300000	700000	1	7	3
183133	2019-01-08	Sindhupalchowk	Batase	3	Female	28	Dalit-Others	Illiterate	Primary	0	3	Labour	10-20K	4	80	NA	300000	460000	1	5	6
193133	2019-01-08	Sindhupalchowk	Batase	3	Female	27	Dalit-Others	Primary	Primary	0	5	Labour	10-20K	4	80	NA	300000	400000	1	6	7
203133	2019-01-08	Sindhupalchowk	Batase	3	Male	19	Dalit-Others	Secondary	Secondary	0	6	Business	20-40K	4	80	NA	300000	1000000	1	7	4
213133	2019-01-08	Sindhupalchowk	Batase	3	Female	32	Dalit-Others	Primary	Secondary	0	5	Agriculture	2.5-10K	4	20	NA	200000	60000	1	6	6
223134	2019-01-09	Sindhupalchowk	Batase	4	Female	46	Chhetri	Illiterate	University	0	8	Agriculture	40-60K	4	100	2	300000	2000000	-1	5	7
233134	2019-01-09	Sindhupalchowk	Batase	4	Male	40	Gurung-Magar	Primary	Secondary	0	5	Labour	10-20K	4	100	1	300000	500000	1	6	7
243134	2019-01-09	Sindhupalchowk	Batase	4	Male	65	Bahun	Primary	Secondary	0	3	Agriculture	10-20K	4	80	NA	300000	360000	1	7	6
253134	2019-01-09	Sindhupalchowk	Batase	4	Female	59	Newar	Illiterate	Secondary	0	19	Agriculture	20-40K	4	100	2	300000	800000	1	6	6
263134	2019-01-09	Sindhupalchowk	Batase	4	Female	30	Chhetri	Illiterate	Secondary	0	5	Labour	10-20K	4	100	1	300000	450000	1	6	7
273134	2019-01-09	Sindhupalchowk	Batase	4	Male	32	Chhetri	Secondary	Secondary	0	13	Business	20-40K	4	100	1	300000	1000000	1	8	4
283133	2019-01-09	Sindhupalchowk	Batase	3	Male	32	Dalit-Others	Primary	Primary	0	5	Labour	20-40K	4	100	1	300000	150000	1	7	7
293133	2019-01-09	Sindhupalchowk	Batase	3	Male	46	Dalit-Others	Illiterate	Secondary	0	5	Labour	10-20K	4	100	1	300000	163000	1	7	6
303139	2019-01-10	Sindhupalchowk	Batase	9	Male	35	Tamang	Illiterate	Illiterate	0	1	Labour	2.5-10K	4	100	2	300000	600000	1	7	5
313139	2019-01-10	Sindhupalchowk	Batase	9	Male	32	Tamang	Illiterate	Primary	0	4	Labour	2.5-10K	4	100	1	100000	200000	1	4	4
323139	2019-01-10	Sindhupalchowk	Batase	9	Male	22	Tamang	Secondary	Secondary	0	8	Labour	10-20K	4	100	1	300000	160000	1	6	5
333139	2019-01-10	Sindhupalchowk	Batase	9	Male	55	Tamang	Primary	Secondary	0	8	Business	10-20K	4	100	2	300000	800000	1	6	7
343139	2019-01-10	Sindhupalchowk	Batase	9	Male	49	Tamang	Illiterate	Secondary	0	8	Labour	20-40K	4	100	1	200000	300000	1	5	4
353139	2019-01-10	Sindhupalchowk	Batase	9	Male	60	Tamang	Illiterate	Secondary	0	4	Agriculture	2.5-10K	4	100	1	300000	600000	1	7	3
363139	2019-01-10	Sindhupalchowk	Batase	9	Female	65	Tamang	Illiterate	Secondary	0	7	Agriculture	2.5-10K	4	100	1	300000	600000	1	7	7
373139	2019-01-10	Sindhupalchowk	Batase	9	Male	24	Tamang	Secondary	Secondary	0	3	Agriculture	2.5-10K	4	100	1	300000	150000	1	6	6
383139	2019-01-10	Sindhupalchowk	Batase	9	Female	40	Tamang	Illiterate	Secondary	0	5	Agriculture	2.5-10K	4	100	6	300000	360000	1	4	4
393139	2019-01-10	Sindhupalchowk	Batase	9	Male	58	Tamang	Illiterate	Secondary	0	12	Agriculture	2.5-10K	4	100	1	200000	600000	1	6	6
403136	2019-01-11	Sindhupalchowk	Batase	6	Male	68	Bahun	Secondary	Secondary	0	13	Agriculture	20-40K	4	100	1	300000	500000	1	5	6
413136	2019-01-11	Sindhupalchowk	Batase	6	Female	45	Bahun	Illiterate	Secondary	0	5	Goverment Employee	20-40K	4	100	2	300000	700000	1	6	6
423136	2019-01-11	Sindhupalchowk	Batase	6	Female	32	Bahun	Secondary	Primary	0	3	Agriculture	2.5-10K	4	100	1	300000	350000	1	6	6
433137	2019-01-11	Sindhupalchowk	Batase	7	Female	25	Chhetri	University	University	0	16	Agriculture	40-60K	4	100	3	300000	700000	1	4	4
443137	2019-01-11	Sindhupalchowk	Batase	7	Female	55	Chhetri	Illiterate	Secondary	0	10	Agriculture	2.5-10K	4	100	3	300000	700000	1	4	5
453137	2019-01-11	Sindhupalchowk	Batase	7	Female	62	Chhetri	Illiterate	Secondary	0	8	Agriculture	2.5-10K	4	100	3	300000	600000	0	6	6
463137	2019-01-11	Sindhupalchowk	Batase	7	Male	72	Chhetri	Primary	Secondary	0	11	Agriculture	20-40K	4	80	NA	300000	727000	1	6	3
473136	2019-01-11	Sindhupalchowk	Batase	6	Female	28	Bahun	Secondary	Secondary	0	5	Agriculture	2.5-10K	4	100	3	300000	800000	0	5	4
483136	2019-01-11	Sindhupalchowk	Batase	6	Female	62	Bahun	Primary	University	0	15	Business	10-20K	4	100	3	300000	600000	1	8	7
493138	2019-01-12	Sindhupalchowk	Batase	8	Female	65	Chhetri	Illiterate	Secondary	0	9	Goverment Employee	10-20K	4	100	6	300000	1700000	1	6	6
503138	2019-01-12	Sindhupalchowk	Batase	8	Female	18	Chhetri	Secondary	University	0	4	Agriculture	10-20K	4	100	12	300000	1500000	1	8	6
513138	2019-01-12	Sindhupalchowk	Batase	8	Male	47	Chhetri	Secondary	Secondary	0	7	Agriculture	10-20K	4	100	3	300000	500000	1	7	7
16145	2019-01-05	Sindhupalchowk	Pangtang	5	Male	30	Dalit-Others	Illiterate	Illiterate	0	4	Business	10-20K	4	100	2	300000	170000	1	5	4
26145	2019-01-05	Sindhupalchowk	Pangtang	5	Female	34	Dalit-Others	Illiterate	Secondary	0	5	Agriculture	2.5-10K	4	100	4	300000	600000	1	10	10
36144	2019-01-05	Sindhupalchowk	Pangtang	4	Female	21	Tamang	Secondary	Secondary	0	4	Agriculture	10-20K	4	100	1	100000	200000	1	5	5
46146	2019-01-05	Sindhupalchowk	Pangtang	6	Male	45	Gurung-Magar	Secondary	Secondary	0.5	4	Business	10-20K	4	100	3	200000	300000	1	10	7
56146	2019-01-05	Sindhupalchowk	Pangtang	6	Female	35	Gurung-Magar	Primary	Secondary	0.5	7	Agriculture	10-20K	4	100	1	300000	500000	1	4	10
66146	2019-01-05	Sindhupalchowk	Pangtang	6	Female	37	Gurung-Magar	Primary	Secondary	0.5	7	Agriculture	2.5-10K	4	100	1	200000	300000	1	8	9
76142	2019-01-05	Sindhupalchowk	Pangtang	2	Female	30	Newar	Primary	Secondary	1	5	Agriculture	2.5-10K	4	100	11	200000	300000	1	10	5
86142	2019-01-05	Sindhupalchowk	Pangtang	2	Female	33	Tamang	Primary	Secondary	1	6	Agriculture	2.5-10K	4	100	12	300000	400000	1	9	7
96142	2019-01-05	Sindhupalchowk	Pangtang	2	Male	62	Tamang	Primary	Primary	0	2	Agriculture	0-2.5K	4	100	2	300000	250000	1	7	6
106144	2019-01-06	Sindhupalchowk	Pangtang	4	Male	70	Newar	Illiterate	Primary	0	2	Agriculture	2.5-10K	4	100	2	300000	1000000	1	10	10
116144	2019-01-06	Sindhupalchowk	Pangtang	4	Male	35	Newar	Primary	Secondary	0	4	Agriculture	2.5-10K	4	100	7	300000	600000	1	8	2
126143	2019-01-06	Sindhupalchowk	Pangtang	3	Male	25	Newar	Secondary	Secondary	0	2	Teacher	10-20K	4	100	2	300000	550000	1	8	7
136143	2019-01-06	Sindhupalchowk	Pangtang	3	Male	30	Newar	Secondary	Secondary	0.5	3	Agriculture	2.5-10K	4	100	1	300000	600000	1	7	9
146131	2019-01-08	Sindhupalchowk	Batase	1	Male	35	Tamang	Primary	Primary	0	5	Agriculture	2.5-10K	4	100	3	300000	450000	1	7	4
156131	2019-01-08	Sindhupalchowk	Batase	1	Male	19	Tamang	Secondary	Secondary	0	5	Agriculture	10-20K	4	100	2	300000	900000	1	10	7
166131	2019-01-08	Sindhupalchowk	Batase	1	Male	59	Tamang	Illiterate	Illiterate	0	1	Agriculture	2.5-10K	4	80	NA	200000	150000	1	6	8
176131	2019-01-08	Sindhupalchowk	Batase	1	Male	63	Tamang	Illiterate	Illiterate	0	2	Agriculture	2.5-10K	4	100	6	300000	400000	1	8	5
186131	2019-01-08	Sindhupalchowk	Batase	1	Male	56	Tamang	Illiterate	Secondary	0.25	8	Agriculture	0-2.5K	4	100	3	200000	325000	1	9	5
196131	2019-01-08	Sindhupalchowk	Batase	1	Female	69	Tamang	Illiterate	Illiterate	0	1	Agriculture	0-2.5K	4	100	3	200000	150000	1	5	6
206133	2019-01-08	Sindhupalchowk	Batase	3	Male	73	Dalit-Others	Illiterate	Illiterate	0	2	Business	2.5-10K	4	100	2	300000	390000	1	9	6
216133	2019-01-08	Sindhupalchowk	Batase	3	Female	42	Dalit-Others	Illiterate	Secondary	0	5	Business	10-20K	4	100	1	300000	500000	1	10	7
226133	2019-01-08	Sindhupalchowk	Batase	3	Male	70	Dalit-Others	Illiterate	Illiterate	0	2	Business	0-2.5K	4	100	2	300000	350000	1	9	7
236133	2019-01-08	Sindhupalchowk	Batase	3	Female	50	Dalit-Others	Illiterate	Secondary	0	7	Agriculture	10-20K	4	100	3	300000	800000	1	8	7
246133	2019-01-08	Sindhupalchowk	Batase	3	Male	40	Dalit-Others	Primary	Secondary	0	5	Agriculture	2.5-10K	4	100	2	300000	700000	1	7	4
256132	2019-01-09	Sindhupalchowk	Batase	2	Male	65	Newar	Illiterate	Secondary	0	5	Agriculture	2.5-10K	4	100	4	300000	200000	1	8	7
266132	2019-01-09	Sindhupalchowk	Batase	2	Female	35	Gurung-Magar	Illiterate	Secondary	0	6	Business	10-20K	4	100	1	300000	600000	1	8	4
276132	2019-01-09	Sindhupalchowk	Batase	2	Male	49	Chhetri	Secondary	Secondary	0.25	4	Agriculture	2.5-10K	4	100	7	300000	650000	1	7	7
286132	2019-01-09	Sindhupalchowk	Batase	2	Male	58	Chhetri	Primary	Secondary	1	5	Agriculture	10-20K	4	100	4	300000	650000	1	9	4
296132	2019-01-09	Sindhupalchowk	Batase	2	Female	45	Chhetri	Illiterate	Secondary	0.5	4	Agriculture	2.5-10K	4	100	1	300000	400000	1	7	6
306132	2019-01-09	Sindhupalchowk	Batase	2	Female	53	Chhetri	Primary	Secondary	0	3	NA	20-40K	4	100	1	300000	600000	1	8	6
316132	2019-01-09	Sindhupalchowk	Batase	2	Male	40	Dalit-Others	Illiterate	Secondary	0.5	6	Labour	10-20K	4	100	3	300000	1200000	1	10	9
326132	2019-01-09	Sindhupalchowk	Batase	2	Female	24	Dalit-Others	Primary	Primary	0.5	3	Business	10-20K	4	100	1	300000	300000	1	10	9
336135	2019-01-09	Sindhupalchowk	Batase	2	Female	46	Newar	Illiterate	Secondary	0	5	Labour	10-20K	4	60	NA	200000	500000	-1	5	5
346135	2019-01-09	Sindhupalchowk	Batase	2	Male	68	Newar	Illiterate	Illiterate	0	3	Agriculture	2.5-10K	4	100	6	300000	450000	1	8	7
356135	2019-01-09	Sindhupalchowk	Batase	2	Male	60	Newar	Illiterate	Secondary	0	8	Agriculture	2.5-10K	4	100	4	300000	700000	1	10	9
376139	2019-01-10	Sindhupalchowk	Batase	9	Female	22	Tamang	Illiterate	Primary	0.25	5	Agriculture	2.5-10K	4	100	6	200000	400000	1	7	7
386139	2019-01-10	Sindhupalchowk	Batase	9	Female	45	Tamang	Illiterate	Secondary	0.25	5	Agriculture	2.5-10K	4	100	4	300000	500000	1	8	6
396139	2019-01-10	Sindhupalchowk	Batase	9	Male	26	Tamang	Secondary	Secondary	0	6	Agriculture	2.5-10K	4	100	1	300000	400000	1	9	9
406139	2019-01-10	Sindhupalchowk	Batase	9	Male	51	Tamang	Primary	Secondary	0	5	Agriculture	2.5-10K	4	100	1	200000	160000	1	8	5
416139	2019-01-10	Sindhupalchowk	Batase	9	Male	70	Tamang	Illiterate	Illiterate	0	2	Agriculture	0-2.5K	4	100	1	200000	200000	1	7	8
426139	2019-01-10	Sindhupalchowk	Batase	9	Female	45	Tamang	Illiterate	Secondary	0	2	Agriculture	2.5-10K	4	100	1	300000	250000	1	7	9
436139	2019-01-10	Sindhupalchowk	Batase	9	Male	60	Tamang	Illiterate	Illiterate	0.25	2	Agriculture	2.5-10K	4	100	2	300000	250000	1	7	8
446139	2019-01-10	Sindhupalchowk	Batase	9	Male	68	Tamang	Illiterate	Illiterate	0.33	6	Agriculture	0-2.5K	4	100	4	300000	350000	1	8	5
456139	2019-01-10	Sindhupalchowk	Batase	9	Male	27	Tamang	Primary	Primary	0	3	Business	10-20K	4	100	4	300000	400000	1	9	6
466139	2019-01-10	Sindhupalchowk	Batase	9	Male	72	Tamang	Illiterate	Illiterate	0	1	Agriculture	0-2.5K	4	100	1	300000	400000	1	8	4
476139	2019-01-10	Sindhupalchowk	Batase	9	Female	41	Tamang	Illiterate	Secondary	0	7	Agriculture	2.5-10K	4	100	6	200000	300000	1	9	7
486136	2019-01-11	Sindhupalchowk	Batase	6	Female	36	Bahun	Secondary	University	0	4	Business	20-40K	4	100	2	300000	850000	1	8	8
496136	2019-01-11	Sindhupalchowk	Batase	6	Female	62	Bahun	Primary	Primary	0.25	1	Agriculture	0-2.5K	4	100	1	300000	350000	1	9	3
506136	2019-01-11	Sindhupalchowk	Batase	6	Female	52	Bahun	Illiterate	Illiterate	0.25	1	Agriculture	2.5-10K	4	100	2	300000	800000	1	9	8
516136	2019-01-11	Sindhupalchowk	Batase	6	Female	60	Bahun	Illiterate	Secondary	0	5	Agriculture	20-40K	4	100	4	300000	700000	1	10	5
526137	2019-01-11	Sindhupalchowk	Batase	7	Female	45	Chhetri	Illiterate	Illiterate	0	2	Agriculture	2.5-10K	4	100	3	300000	400000	1	8	6
536137	2019-01-11	Sindhupalchowk	Batase	7	Male	55	Dalit-Others	Primary	Secondary	0	4	Agriculture	20-40K	4	100	11	300000	950000	1	9	10
546137	2019-01-11	Sindhupalchowk	Batase	7	Male	49	Gurung-Magar	Secondary	Secondary	0.33	3	Agriculture	10-20K	4	100	1	300000	500000	1	10	10
556137	2019-01-11	Sindhupalchowk	Batase	7	Female	65	Chhetri	Illiterate	Secondary	0.25	6	Agriculture	2.5-10K	4	100	1	300000	700000	1	8	10
566136	2019-01-11	Sindhupalchowk	Batase	6	Female	75	Bahun	Illiterate	Secondary	0	5	Teacher	10-20K	4	100	2	300000	500000	1	9	7
576136	2019-01-11	Sindhupalchowk	Batase	6	Female	71	Dalit-Others	Illiterate	Illiterate	0	1	Agriculture	0-2.5K	4	100	1	300000	400000	1	9	9
586138	2019-01-12	Sindhupalchowk	Batase	8	Male	74	Chhetri	Secondary	Secondary	0	2	Agriculture	10-20K	4	100	3	300000	500000	1	10	6
596138	2019-01-12	Sindhupalchowk	Batase	8	Female	22	Chhetri	Secondary	University	0	6	Goverment Employee	20-40K	4	100	3	300000	1000000	1	10	10
606138	2019-01-12	Sindhupalchowk	Batase	8	Female	52	Chhetri	Illiterate	Secondary	0	4	Agriculture	2.5-10K	4	80	NA	250000	300000	-1	5	5
616138	2019-01-12	Sindhupalchowk	Batase	8	Female	52	Chhetri	Illiterate	Illiterate	0	2	Business	10-20K	4	100	2	300000	1450000	1	10	10
17145	2019-01-05	Sindhupalchowk	Pangtang	5	Female	50	Dalit-Others	Illiterate	Secondary	0	7	Business	0-2.5K	4	100	12	300000	800000	1	5	1
27145	2019-01-05	Sindhupalchowk	Pangtang	5	Female	35	Dalit-Others	Illiterate	Secondary	0	4	Labour	2.5-10K	4	100	4	200000	400000	1	5	1
37145	2019-01-05	Sindhupalchowk	Pangtang	5	Female	48	Tamang	Illiterate	Secondary	0	5	Agriculture	2.5-10K	4	100	13	50000	200000	1	5	5
47146	2019-01-05	Sindhupalchowk	Pangtang	6	Female	20	Bahun	Secondary	Secondary	0.5	6	Agriculture	20-40K	4	100	1	200000	300000	0	10	5
57142	2019-01-05	Sindhupalchowk	Pangtang	2	Female	18	Newar	Secondary	University	0	7	Agriculture	2.5-10K	4	100	1	300000	400000	1	5	1
67142	2019-01-05	Sindhupalchowk	Pangtang	2	Male	56	Newar	Illiterate	Secondary	0	8	Agriculture	2.5-10K	4	100	1	300000	600000	0	5	1
77142	2019-01-05	Sindhupalchowk	Pangtang	2	Female	30	Newar	Illiterate	Illiterate	0	3	Labour	2.5-10K	4	100	1	300000	400000	1	5	1
87144	2019-01-06	Sindhupalchowk	Pangtang	4	Male	67	Newar	Illiterate	University	0	7	Agriculture	2.5-10K	4	100	5	300000	900000	1	10	10
97144	2019-01-06	Sindhupalchowk	Pangtang	4	Male	76	Newar	Illiterate	Secondary	0.25	7	Agriculture	2.5-10K	4	100	2	300000	550000	1	10	5
107144	2019-01-06	Sindhupalchowk	Pangtang	4	Male	69	Newar	Illiterate	Secondary	0	8	Agriculture	2.5-10K	4	100	3	300000	500000	0	5	1
117143	2019-01-06	Sindhupalchowk	Pangtang	3	Female	35	Newar	Illiterate	Primary	0	5	Agriculture	0-2.5K	4	100	2	300000	NA	1	10	10
127143	2019-01-06	Sindhupalchowk	Pangtang	3	Male	55	Newar	Primary	Secondary	0.25	8	Agriculture	10-20K	4	100	1	300000	500000	1	7	10
137131	2019-01-08	Sindhupalchowk	Batase	1	Male	27	Tamang	Secondary	Secondary	0	5	Agriculture	2.5-10K	4	100	2	300000	800000	1	6	5
147131	2019-01-08	Sindhupalchowk	Batase	1	Male	19	Tamang	Secondary	Secondary	0	7	Agriculture	20-40K	4	100	NA	200000	700000	1	9	1
157131	2019-01-08	Sindhupalchowk	Batase	1	Male	73	Tamang	Primary	Illiterate	0	6	Agriculture	2.5-10K	4	100	2	300000	400000	1	10	1
167131	2019-01-08	Sindhupalchowk	Batase	1	Female	36	Tamang	Illiterate	Secondary	0	5	Agriculture	2.5-10K	4	80	NA	300000	700000	1	10	10
177131	2019-01-08	Sindhupalchowk	Batase	1	Female	67	Tamang	Illiterate	Secondary	0	11	Agriculture	2.5-10K	4	100	1	200000	600000	1	5	1
187133	2019-01-08	Sindhupalchowk	Batase	3	Male	66	Dalit-Others	Illiterate	Secondary	0	4	Agriculture	2.5-10K	4	100	1	300000	700000	1	5	1
197133	2019-01-08	Sindhupalchowk	Batase	3	Male	57	Dalit-Others	Primary	Primary	0	7	Agriculture	2.5-10K	4	100	2	300000	800000	1	7	1
207133	2019-01-08	Sindhupalchowk	Batase	3	Female	57	Dalit-Others	Illiterate	Secondary	0	7	Business	0-2.5K	4	100	4	300000	500000	1	5	10
217133	2019-01-08	Sindhupalchowk	Batase	3	Male	65	Dalit-Others	Illiterate	Secondary	0	7	Agriculture	2.5-10K	4	100	2	300000	650000	1	10	10
227133	2019-01-08	Sindhupalchowk	Batase	3	Female	19	Dalit-Others	Secondary	Secondary	0	4	Agriculture	10-20K	4	100	1	300000	400000	1	7	5
237134	2019-01-09	Sindhupalchowk	Batase	4	Female	37	Chhetri	Secondary	Secondary	0	4	Business	10-20K	4	40	NA	300000	1800000	1	5	8
247134	2019-01-09	Sindhupalchowk	Batase	4	Male	40	Chhetri	Secondary	Secondary	0.5	6	Agriculture	10-20K	4	100	3	300000	700000	1	5	1
257134	2019-01-09	Sindhupalchowk	Batase	4	Female	53	Newar	Illiterate	Secondary	0	6	Labour	2.5-10K	4	100	9	300000	500000	1	5	10
267134	2019-01-09	Sindhupalchowk	Batase	4	Male	41	Newar	Secondary	Secondary	0	6	Agriculture	10-20K	4	100	2	300000	700000	1	6	10
277134	2019-01-09	Sindhupalchowk	Batase	4	Female	46	Chhetri	Illiterate	University	0	5	Agriculture	2.5-10K	4	100	1	300000	350000	1	5	1
287134	2019-01-09	Sindhupalchowk	Batase	4	Female	38	Chhetri	Illiterate	Illiterate	0	13	Agriculture	0-2.5K	4	100	2	300000	300000	1	8	1
297133	2019-01-09	Sindhupalchowk	Batase	3	Male	66	Dalit-Others	Secondary	Secondary	0.33	3	Goverment Employee	10-20K	4	100	1	300000	300000	1	5	1
307133	2019-01-09	Sindhupalchowk	Batase	3	Male	33	Dalit-Others	Secondary	Secondary	0.33	5	Agriculture	2.5-10K	4	100	NA	300000	530000	1	6	1
317139	2019-01-10	Sindhupalchowk	Batase	9	Male	42	Tamang	Illiterate	Secondary	0	6	Agriculture	2.5-10K	4	100	1	200000	300000	1	5	1
327139	2019-01-10	Sindhupalchowk	Batase	9	Male	40	Tamang	Illiterate	Secondary	0	7	Agriculture	2.5-10K	4	100	2	200000	NA	1	5	1
337139	2019-01-10	Sindhupalchowk	Batase	9	Male	36	Tamang	Illiterate	Illiterate	0	2	Labour	0-2.5K	4	100	2	200000	300000	1	10	10
347139	2019-01-10	Sindhupalchowk	Batase	9	Male	48	Tamang	Illiterate	Secondary	0	12	Agriculture	2.5-10K	4	100	1	300000	200000	-1	5	1
357139	2019-01-10	Sindhupalchowk	Batase	9	Female	45	Tamang	Illiterate	Primary	0	6	Agriculture	0-2.5K	4	100	2	300000	300000	-1	5	1
367139	2019-01-10	Sindhupalchowk	Batase	9	Male	59	Tamang	Illiterate	Secondary	0	8	Agriculture	2.5-10K	4	100	2	300000	170000	1	5	1
377139	2019-01-10	Sindhupalchowk	Batase	9	Male	33	Tamang	Secondary	Secondary	0	4	Agriculture	20-40K	4	100	1	200000	200000	1	10	10
387139	2019-01-10	Sindhupalchowk	Batase	9	Female	62	Tamang	Illiterate	Secondary	0	8	Agriculture	2.5-10K	4	100	1	300000	500000	1	5	10
397139	2019-01-10	Sindhupalchowk	Batase	9	Female	20	Tamang	Primary	Secondary	0	4	Agriculture	2.5-10K	4	100	1	300000	100000	1	5	1
407139	2019-01-10	Sindhupalchowk	Batase	9	Male	66	Tamang	Illiterate	Secondary	0	5	Agriculture	2.5-10K	4	100	1	200000	200000	1	5	10
417139	2019-01-10	Sindhupalchowk	Batase	9	Male	54	Tamang	Illiterate	Secondary	0	7	Agriculture	10-20K	4	100	1	300000	250000	1	5	10
427139	2019-01-10	Sindhupalchowk	Batase	9	Female	30	Tamang	Illiterate	Secondary	0	4	Labour	2.5-10K	4	100	1	300000	200000	1	5	10
437136	2019-01-11	Sindhupalchowk	Batase	6	Male	42	Bahun	Secondary	University	0	5	Business	10-20K	4	100	2	300000	500000	1	5	10
447136	2019-01-11	Sindhupalchowk	Batase	6	Male	55	Bahun	Secondary	Secondary	0	5	Agriculture	20-40K	4	100	1	300000	500000	1	10	4
457136	2019-01-11	Sindhupalchowk	Batase	6	Female	28	Bahun	Secondary	Secondary	0.25	3	Labour	2.5-10K	4	100	2	300000	450000	-1	10	10
467136	2019-01-11	Sindhupalchowk	Batase	6	Male	58	Bahun	Primary	University	0	5	Agriculture	10-20K	4	100	3	300000	950000	1	5	1
477137	2019-01-11	Sindhupalchowk	Batase	7	Female	65	Chhetri	Illiterate	Primary	0	6	Agriculture	0-2.5K	4	100	2	300000	800000	0	5	10
487137	2019-01-11	Sindhupalchowk	Batase	7	Female	56	Chhetri	Illiterate	Secondary	0	6	Agriculture	2.5-10K	4	100	3	300000	500000	1	10	1
497137	2019-01-11	Sindhupalchowk	Batase	7	Female	66	Chhetri	Illiterate	Secondary	0	9	Agriculture	2.5-10K	4	100	2	300000	500000	1	6	1
507136	2019-01-11	Sindhupalchowk	Batase	6	Female	35	Dalit-Others	Secondary	Secondary	0	5	Business	2.5-10K	4	100	12	300000	600000	1	5	10
517136	2019-01-11	Sindhupalchowk	Batase	6	Male	20	Bahun	University	University	0	6	Goverment Employee	20-40K	4	100	1	300000	500000	1	6	1
527136	2019-01-11	Sindhupalchowk	Batase	6	Male	58	Bahun	Illiterate	University	0	13	Agriculture	20-40K	4	100	3	300000	600000	1	5	1
537138	2019-01-12	Sindhupalchowk	Batase	8	Female	53	Chhetri	Illiterate	University	0	3	Agriculture	2.5-10K	4	100	2	0	300000	0	5	1
547137	2019-01-12	Sindhupalchowk	Batase	7	Female	53	Chhetri	Illiterate	University	0	5	Agriculture	2.5-10K	4	100	3	300000	700000	1	10	10
557138	2019-01-12	Sindhupalchowk	Batase	8	Female	43	Chhetri	Illiterate	Secondary	0	4	Agriculture	2.5-10K	4	100	3	200000	500000	1	10	10
